{"cameraMode":{"drawMode":0,"name":"Shaded","section":"Shading Mode"},"sceneLighting":false,"audioPlay":false,"sceneViewState":{"showFog":true,"showMaterialUpdate":false,"showSkybox":false,"showFlares":true,"showImageEffects":true,"showParticleSystems":true,"showVisualEffectGraphs":true,"m_FxEnabled":true},"in2DMode":false,"pivot":{"x":-0.00021588802337646484,"y":0.8422807455062866,"z":-0.12498629093170166},"rotation":{"x":0.3817982077598572,"y":0.5134038329124451,"z":-0.27279600501060488,"w":0.7185461521148682},"size":1.1018720865249634,"orthographic":false}